DeviceID,Name,Lattitude,Longitude
1188,OR99E @ Berg Pkwy,45.25635,-122.70392
1263,OR99E at Vineyard,45.40471,-122.6232
470,99W @ SunsetBlvd/ElwertRd,45.35313,-122.86759
1363,OR 141_HallBlvd@WallSt,45.4216,-122.76569
945,OR141 LBF@I-5 NB,45.39645,-122.74582
1045,OR212 at I-205SB Ramp,45.40744,-122.57257
101,OR212@ 122nd_Sunrise_ExpressWay,45.4079,-122.53778
931,I-205 NB at Division/96th Avenue,45.5044,-122.56317
226,OR213_82nd @ Boyer,45.44438,-122.5786
1349,OR8_Baseline @ 8th Ave,45.51997,-122.97724
227,OR224_Milwaukie Express @ Harrison,45.44652,-122.63229
228,OR8_Tualatin Valley @ Cornelius Pass,45.49749,-122.90214
1006,I-205 SB at 82nd Drive ( Gladstone),45.38449,-122.58023
230,OR8_Baseline @ 10th_E,45.52003,-123.05941
231,OR8_Adair @ 10th_W,45.5209,-123.05939
1338,OR8EB__OakSt @ SE10th Ave,45.51864,-122.97376
1667,I-5 NB Off Ramp @ Hayden Island access,45.61093,-122.67799
1724,OR213 @ Washington St / Clackamas River Dr / Prairie Schooner,45.3709,-122.58547
1624,OR141 (HallBlvd) @ Washington Circle Target,45.45472,-122.77861
920,I-205 NB at Johnson Creek Blvd,45.45675,-122.57131
863,US26WB @ Bethany,45.53279,-122.84194
1106,OR43 @ Northshore,45.4157,-122.6639
416,I-84 @ Fairview Parkway ( 207th),45.53881,-122.44881
437,I-84 EB Ramp @ 238th,45.53942,-122.4183
445,OR99E @ Harrison/17th Street,45.44539,-122.64263
444,US26 EB @ Cedar Hills,45.51353,-122.79433
446,I-84WB_Ramp_at_238th,45.54069,-122.41827
449,OR99E @ Ivy St,45.26232,-122.69205
906,I-205 NB at Glisan,45.52626,-122.5648
450,OR99E @ Grant St,45.26121,-122.69467
451,OR99E @ Elm St,45.26037,-122.69716
452,OR212 @ Evelyn St/102nd Ave,45.40769,-122.55865
620,I-84WB at 257th/S. Frontage Rd,45.54522,-122.40053
453,OR 212@ 115th_FredMeyer,45.40775,-122.5443
795,US26 at 86th Street,45.49737,-122.57401
454,OR212@ 130th,45.40905,-122.53042
938,OR217NB@72nd Ave,45.42693,-122.75165
455,OR212@ 135th,45.41043,-122.52453
577,US26EB @ 185th,45.54085,-122.8675
1324,OR99E @ I-205 NB,45.36424,-122.60086
466,99W @ TualatinSherwoodRd/RoyRodgersRd,45.36995,-122.84305
467,OR99W @ MeineckeRd,45.36075,-122.85635
468,99W @ LangerFarmsPkwy/HomeDepot,45.37598,-122.83584
469,99W @ EdyRd/SherwoodBlvd,45.36645,-122.84841
1699,OR99W (Barber Blvd)@Johnson-Main,45.42876,-122.77556
1356,OR8_CanyonRd@Camelot,45.50519,-122.74687
1113,OR43 @ Hidden Springs,45.38587,-122.63998
956,OR213 at Monterey,45.43818,-122.57882
881,OR224 @ Lake/Webster,45.42434,-122.59249
1256,OR10 Farmington @ 185th,45.47536,-122.86753
913,OR224 at 17th Street,45.44982,-122.64443
508,OR213_82nd @ King,45.44589,-122.57877
1631,(OR8) Adair St @ 4th Av,45.5209,-123.06662
1717,OR8 TVHwy@67th (229th),45.49848,-122.91216
1331,OR127 CornPass @ Old CornPass,45.57314,-122.8877
902,US26 at 92nd,45.49736,-122.56851
802,OR217 @ Barnes Rd,45.51081,-122.7777
919,I-205 SB at Johnson Creek B;vd,45.4568,-122.57384
1334,OR8WB _ Baseline @ 7th Ave,45.51997,-122.9789
1738,OR99W(Barber Blvd) @ 53RD Ave,45.44572,-122.73101
1151,2B539 OR8 TVHwy @ 26th St,45.51997,-123.03967
1721,OR 213 @ Leland Rd,45.29042,-122.56425
1687,OR99W(Barber Blvd)@74th Ave,45.43884,-122.75338
900,I-205 NB at Stark Street,45.51904,-122.56464
1704,OR99W (Pacific Hwy) @ Tigard Mkt Place/Public Storage,45.42228,-122.78382
917,OR224 EB Ramp at Lake Rd,45.43081,-122.61112
883,OR212 @ 82nd Drive,45.40745,-122.56883
934,OR217SB@Walker,45.49873,-122.79108
576,185th @ Bronson,45.54339,-122.8675
578,US26WB @ 185th,45.54254,-122.8675
1736,TEMP SIGNAL_2B418 OR8@209th,45.49636,-122.89167
1653,(OR8) Baseline St @ 14th Ave,45.52,-123.05452
1100,OR43 @ Greenwood/Breyman,45.43562,-122.65333
1266,OR99E at Courtney,45.42251,-122.63336
1621,OR141 (HallBlvd) @ Greenburg Rd/Oleson Rd,45.45312,-122.77413
1685,OR99W@68thAve,45.44186,-122.7474
1702,OR99W Pacific Hwy @ Park St,45.424,-122.78211
1253,OR99E at Monroe St,45.44381,-122.64225
619,I-84 EB Ramp at 257th/S. Frontage Rd,45.54443,-122.39053
932,I-205 SB at Division,45.50438,-122.56609
1336,OR8EB_Oak St @5th Ave,45.51874,-122.98256
1636,I-5 (SB) @ WILSONVILLE RD,45.30289,-122.77035
1668,I-5 Ramp @Marine Dr / Swift Hwy,45.60416,-122.68273
1136,I-5 SB at Upper Boones Ferry Road,45.40731,-122.745
1185,OR213 @ Redland Rd,45.3613,-122.5822
1634,(OR8) TVHwy Baseline @ Fred Meyer,45.52004,-123.04315
1734,2B416 OR8@185th,45.49346,-122.86716
1102,OR43 @ Briarwood/Rock Spur,45.42825,-122.65824
1368,US30 @ CornPass,45.65134,-122.85137
1319,OR99E at 14th St,45.36253,-122.60219
1652,(OR8) Baseline @ 20thAve,45.52028,-123.04694
1718,OR8 TVHwy@178th,45.49322,-122.86054
1320,OR99E @ 12th St,45.36114,-122.60383
1686,OR99W(Barber Blvd)@72ndAve,45.43985,-122.75133
899,I-205 SB at Washington,45.51833,-122.5661
1701,OR99W (Pacific Hwy) @ Garrett,45.42496,-122.78097
916,OR224 at Freeman Way,45.43407,-122.61579
882,OR213_I-205NB off ramp @ 82nd Drive,45.41979,-122.57562
1103,OR43 @ B,45.42049,-122.66268
1152,2B2521 OR8 TVHwy @ Mt. View Lane,45.52016,-123.07568
1369,OR127 CornPass @ Wagon Way,45.55856,-122.89958
1684,OR99W (Barber Blvd)@64thAve_I5SB,45.44304,-122.74255
1252,OR99E at Milport Rd,45.45275,-122.64081
1335,OR8WB Baseline St @ 5th_Ave,45.52,-122.98245
952,OR213 at Sunnybrook blvd,45.43011,-122.5789
1101,OR43 @ Midvale/Elk Rock,45.43121,-122.65552
793,I-205 NB Ramp at Stafford Rd,45.36919,-122.70656
794,I-205 SB Ramp at Stafford Rd,45.37097,-122.70523
918,OR224 at Rusk Rd,45.42768,-122.6012
1135,I-5 NB at Carman Dr,45.40847,-122.74281
803,US26WB @ Baltic Ave (exit only),45.5088,-122.77719
804,US26EB @ Baltic / Park Way,45.50665,-122.77835
805,US26WB @ Cedar Hills,45.51504,-122.79301
935,OR217(NB&SB)@Denney,45.46941,-122.78506
1637,I-5 (NB) @ WILSONVILLE RD,45.30191,-122.76835
1737,@ 60th/ I-5 N/B Off Ramp,45.44373,-122.73853
818,OR213 @ Meyers,45.32046,-122.57749
1654,(OR8) Baseline St @ 4th Ave,45.52009,-123.06664
1720,US30 @ Sauvie Island Bridge,45.62668,-122.81833
1116,OR43 @ I-205 SB,45.36339,-122.60993
901,I-205 SB at Stark Street,45.519,-122.56608
1099,OR43 @ Military,45.44157,-122.65481
837,OR224_Milwaukie Express @ Monroe,45.4451,-122.63167
933,OR217NB@Walker,45.49843,-122.78975
1357,(OR8)Canyon@Walker,45.49347,-122.77933
862,US26EB @ Bethany,45.53181,-122.84272
859,2B438 US26EB@Cornell,45.53037,-122.83864
1698,OR 99W (Barber Blvd) @ Greenburg-Main,45.43317,-122.76711
864,(US26) Bronson @ Bethany,45.53414,-122.8411
1632,(OR8)AdairSt@14thAv,45.52084,-123.05452
928,2B488 US26EB@Brookwood/Helvetia,45.5631,-122.92619
873,OR213_82nd @ Otty,45.45137,-122.57895
1062,OR8 TV Hwy @ Century Blvd,45.49899,-122.9174
876,OR224 @ I-205 NB onramp,45.41846,-122.57146
877,OR224 @ I-205SB offramp/ OR213 NB onramp,45.42157,-122.57472
878,OR224 @ OR213 SB Offramp/I-205 SB onramp,45.42208,-122.57807
879,OR224 @ Johnson Rd,45.4225,-122.58195
880,OR224 @ Pheasant,45.42414,-122.58996
1366,OR 141_Hall Blvd @ Sattler St,45.41027,-122.7644
1666,I-5 SB Off Ramp@ N Tomahawk Island Dr &  Center Ave,45.61143,-122.68088
923,2B474 US26WB@Murray,45.52147,-122.81577
893,OR141 @ 95th/Commerce Circle,45.33792,-122.77263
894,OR141 @ Day Rd,45.34021,-122.77358
1255,OR99E at River/Bluebird Rd,45.43735,-122.63991
898,I-205 NB at Washington,45.51833,-122.56459
903,I-205 SB at Powell ( US26),45.49737,-122.56663
904,I-205 NB at Powell ( US26),45.49718,-122.56456
1332,OR10 @ 78thAve,45.48604,-122.75693
905,I-205 SB at Glisan,45.52632,-122.56598
1189,OR99E @ Pine St/4thSt,45.26577,-122.68261
914,OR224 at Oak Street,45.44334,-122.62965
915,OR224 at 37th/Edison,45.43934,-122.62467
1321,OR99E @ 10th St,45.35989,-122.60573
921,I-205 SB at Airport Way,45.57157,-122.55121
922,I-205 NB at Airport Way,45.57,-122.54773
925,2B472 US26WB@Cornelius Pass,45.55592,-122.90086
926,2B471 US26EB@Cornelius Pass,45.55309,-122.90063
1098,OR43 @ Palatine Hill,45.44568,-122.65691
929,2B503 US26WB@Glencoe,45.59129,-122.99624
930,2B495 US26EB@Glencoe,45.58972,-122.99705
936,OR217NB@Greenburg,45.44418,-122.77703
937,OR217SB@Greenburg,45.44298,-122.77753
1330,OR127 CornPass @ Rock Creek,45.56049,-122.89815
939,(OR217) 72nd@Hunziker,45.42545,-122.75165
1230,OR99E at Ochoco St,45.45855,-122.63963
940,OR217SB@72nd,45.4247,-122.75158
942,OR217/Kruse@I-5NB,45.42052,-122.74402
943,OR141 LBF@72nd/Bridgeport,45.39583,-122.74981
944,OR141 LBF@I-5 SB,45.39628,-122.74801
955,OR213 at North Town Center,45.43706,-122.57882
1625,HallBlvd(OR141)@WashingtonGreen,45.45398,-122.77622
946,OR141 LBF@65th/McEwan,45.39657,-122.74378
1364,OR 141_Hall Blvd @ McDonald St,45.41873,-122.76554
953,OR213 at Sunnyside/Harmony,45.43246,-122.57907
957,OR213 at Causey,45.44107,-122.57895
958,OR213 at Overland,45.45423,-122.57912
959,OR213 at Johnson Creek Blvd,45.45688,-122.57903
961,OR213 at South Town Center,45.43517,-122.57907
1700,OR99W(Barber Blvd) @ Walnut,45.42681,-122.77831
994,US26 at 99th,45.49641,-122.56165
1723,OR 213 @ Beavercreek Rd,45.33185,-122.57504
1623,OR141 (HallBlvd) @ Fairview Pl/Eliandernter Ln,45.45579,-122.78022
1712,OR99W(Pacific Hwy)@ Fischer Rd,45.39794,-122.79874
1005,I-205 NB at 82nd Drive ( Gladstone),45.38483,-122.57768
1111,OR43 @ Lazy River/Marylhurst,45.39167,-122.64636
1007,I-205 NB at 10th Street,45.34657,-122.65175
1326,99E @ S 2nd St,45.35134,-122.61444
1108,OR43 @ McVey,45.41101,-122.66484
1343,OR99E at Park,45.43015,-122.63457
1629,(OR8)Canyon Rd @ 87 Ave,45.49807,-122.76683
1039,OR8 TVHwy @ 17th/WinCo,45.51986,-123.00734
1040,OR213 @ Molalla,45.32353,-122.57879
1744,I-205 @ SUNNYBROOK N/B,45.42949,-122.56489
1043,OR127 CornPass @ West Union,45.56635,-122.89406
1044,OR212 at I-205NB Ramp,45.40745,-122.57019
1361,OR 141_Hall Blvd @ Hunziker St,45.43006,-122.76466
1058,I-84 WB Onramp at Marine Dr/Frontage Rd,45.54582,-122.39141
1358,(OR8)_Canyon Rd @ Canyon Ln:,45.50398,-122.7481
1644,(OR8)TVHwy 10th St @ Maple St,45.51486,-122.97393
1261,OR99E at Naef Rd,45.40171,-122.62085
1097,OR43 @ Riverdale,45.4505,-122.65914
1344,OR8WB Baseline St @ 2nd Ave,45.52014,-122.98792
1104,OR43 @ A,45.41914,-122.66298
1105,OR43 @ Foothills,45.41817,-122.66345
1711,OR99W (Pacific Hwy)@ Cipole Rd,45.38436,-122.8173
1107,OR43 @ Wilbur/Middlecrest,45.413,-122.66147
1112,OR43 @ Cedar Oak,45.38715,-122.64125
1114,OR43 @ West A/Elliot,45.37074,-122.62294
1115,OR43 @ McKillican/Hood,45.36548,-122.61214
1643,(OR8)TVHwy 10th St @ Walnut St,45.51744,-122.97396
1311,OR99E @ Glen Echo,45.38497,-122.60807
1694,OR99W (Barber_Blvd)@78th-Dartmouth,45.4371,-122.75674
1362,OR 141_Hall Blvd @ Burnham St,45.4264,-122.76615
1325,OR99E@I-205SB,45.36669,-122.60083
1340,OR8EB Oak St @ 3rd Ave,45.51877,-122.9862
1254,OR99E at Washington St,45.44229,-122.64193
1190,OR99E @ Redwood St/Sequioa Pkwy,45.26896,-122.67589
1715,2B425 OR8 @ 24th (Espo East),45.5044,-122.95535
1633,(OR8) TVHwy @ (Hwy47) Quince,45.52011,-123.08412
1733,OR8 @ 205th (Intel),45.49585,-122.88675
1647,OR99E @ Territorial Rd,45.27925,-122.66581
1329,OR127 CornPass @ Jacobson/Galice,45.56391,-122.89574
1708,OR99W(Pacific Hwy)@Beef Bend,45.41149,-122.79383
1347,OR8WB_Baseline@ Dennis Ave,45.52015,-122.99575
1665,N Hayden Island Dr & N Center Ave,45.61228,-122.68047
1260,OR99E at Roethe Rd,45.39868,-122.6186
1722,OR 213 @ Glen Oak Rd / Caufield Rd,45.31665,-122.57428
1265,OR99E at Oak Grove,45.41577,-122.63163
1365,OR 141_Hall Blvd @ Bonita Rd,45.41498,-122.7644
1322,OR99E @ Main St,45.35658,-122.60997
1740,I-205 SB @ 10th_Salamo_Blankenship,45.34865,-122.65201
1697,OR 99W @ Hall Blvd,45.43406,-122.76486
1312,OR99E @ Gloucester,45.37926,-122.60365
1337,OR8EB_Oak St @ 7th Ave,45.5188,-122.97889
1339,OR219 1st@ Walnut St,45.51753,-122.98986
1341,OR8EB Oak St @ Dennis Ave,45.51887,-122.99575
1346,OR8WB _ Baseline St @ 3th Ave,45.52007,-122.98616
1641,(OR8)_Baseline @ Main St,45.51992,-123.00263
1360,(OR8) Canyon Rd @ 91st Av,45.49628,-122.77049
1716,OR 213@OR211/Main St aka Blackman's Corner,45.15067,-122.60634
1707,OR99W(Pacific Hwy)@Royalty Parkway,45.40809,-122.79497
1739,Dartmouth St @ 68th Ave,45.43353,-122.74672
1646,OR99E @ Barlow Rd,45.24958,-122.72261
1705,OR99W (Pacific Hwy) @ McDonald / Gaarde,45.41871,-122.78726
1714,OR99W@ Durham/116th,45.4045,-122.79681
1695,OR 99W (Barber Blvd) @ OR 217 NB,45.43556,-122.7607
1709,OR99W(Pacific Hwy)@Bull Mountain,45.41465,-122.79131
1710,OR99W(Pacific Hwy)@ Canterbury,45.41639,-122.78945
1109,OR43 @ Holy Names/Brookhurst,45.3991,-122.65433
860,2B439 US26WB@Cornell,45.53127,-122.83679
960,OR213 at Lindy,45.45892,-122.5789
891,I-5 NB @ Elligsen Rd,45.33557,-122.76717
442,Edy Rd @ Borchers Rd,45.36743,-122.84972
791,OR8EB_Oak @ 1st Ave (OR219),45.51883,-122.98983
456,OR212@ 142nd,45.41013,-122.51747
1696,OR 99W (Barber Blvd) @ OR 217 SB,45.43485,-122.76243
1645,(OR8)TVHwy @ Sunset Esplanade West,45.50556,-122.95793
1728,OR 43 (7th) @ Main,45.35777,-122.60837
1659,(OR8) Baseline St @ 11th Ave,45.51184,-122.97308
1310,OR99E @ Jennings,45.39132,-122.61292
1642,(OR8)TVHwy Baseline@10th St,45.5199,-122.97391
1745,I-205 @ SUNNYBROOK S/B,45.42956,-122.56643
892,I-5 SB @ Elligsen Rd,45.33664,-122.77135
1227,OR8 TV Hwy @ River Rd,45.50992,-122.96888
941,OR217@I-5SB,45.42073,-122.7458
792,OR8WB_Baseline @ 1st Ave (OR219),45.52011,-122.98979
1327,OR99E @ Oregon City Shopping/Dunes Dr,45.36896,-122.60101
927,2B469 US26WB@Brookwood/Helvetia,45.5648,-122.92619
1059,I-84 EB Off-Ramp at Marine Dr/Frontage Rd,45.54439,-122.39048
1342,OR99E at Concord,45.40888,-122.62637
1328,OR99E@ArlingotnStRiverRd,45.37567,-122.60176
924,2B473 US26EB@Murray,45.52294,-122.81555
1110,OR43 @ Marylbrook/Furman,45.39732,-122.65294
1638,Greenwood (US20) @ 8th,44.05996,-121.29377
1031,Butler Market @ Boyd Acres,44.07637,-121.2951
627,Canal @ US97 SB Ramp,44.3007,-121.1726
1681,Bond @ Franklin,44.05743,-121.314
731,US97 @ Evergreen,44.27257,-121.16988
645,5th @ Black Butte,44.27553,-121.17323
1656,Colorado @ US97 SB Ramp,44.05186,-121.30906
464,US97 @ Powers,44.02881,-121.31582
1313,3rd @ Franklin,44.05595,-121.30249
489,OR126 @ 27th,44.2692,-121.19935
490,OR126 @ Rimrock,44.26928,-121.19128
638,Highland @ 9th,44.26959,-121.17747
1663,Arizona @ Wall,44.05148,-121.31762
727,Veterans @ Canal,44.26372,-121.17873
1674,Empire @ Boyd Acres,44.09019,-121.2957
1317,3rd @ Powers,44.02878,-121.31236
556,US20 (Greenwood) @ 15th,44.05662,-121.28381
634,Glacier @ 11th,44.27057,-121.17959
573,Yew Avenue NB Ramps,44.24188,-121.19231
621,US97 @ Robal,44.10279,-121.29912
622,US97 @ Cooley,44.10929,-121.29512
625,6th @ Oak Tree,44.29449,-121.17389
626,6th @ Quince,44.29822,-121.17385
628,Canal @ US97 NB Ramp,44.3019,-121.17019
635,Highland @ 11th,44.26959,-121.1796
636,Glacier @ 5th,44.27059,-121.17321
637,Glacier @ 9th,44.27058,-121.17748
639,Glacier @ 6th,44.27059,-121.17426
640,Highland @ 6th,44.26961,-121.17426
643,5th @ Evergreen,44.27256,-121.1732
644,6th @ Black Butte,44.27552,-121.17429
648,Canal @ Odem Medo,44.25348,-121.18741
654,Highland @ 15th,44.26958,-121.18407
1651,Olney @ 8th,44.06564,-121.29377
728,US97 @ Veterans,44.26307,-121.17698
729,US97 @ Highland-Glacier,44.26963,-121.17163
730,US97 @ Odem Medo,44.25177,-121.18442
1318,3rd @ Badger,44.02448,-121.31489
1703,3rd (US20) @ Mervin Sampels,44.08842,-121.30599
1257,3rd (US20) @ Greenwood,44.05994,-121.3025
871,US20 @ Empire,44.09148,-121.30495
872,Empire @ US97 NB Ramps,44.09083,-121.30034
1655,Neff @ Medical Center,44.06577,-121.26663
1323,3rd (US20) @ OB Riley,44.08163,-121.30527
1664,Arizona @ Bond,44.05149,-121.31646
911,Rimrock/19th @ Antler,44.27645,-121.18924
912,9th @ Indian,44.2681,-121.17851
1725,Reed Market @ American Ln,44.03698,-121.29007
1125,US97_SB/Wall @ Revere,44.06764,-121.30874
1126,Reed Market @ US97 SB,44.03907,-121.30996
1226,Main @ 10th,44.30904,-120.84711
1661,Colorado @ Bond,44.05232,-121.31647
1662,Colorado @ Wall,44.05231,-121.31764
1679,Greenwood @ Wall,44.06045,-121.31252
1726,Butler Market @ Brinson,44.0819,-121.28032
1658,Colorado @ Industrial,44.05077,-121.31905
1672,3rd (US20) @ Butler Market,44.07922,-121.30476
1315,3rd @ Brosterhous,44.03648,-121.30479
1683,Bond @ Oregon,44.05901,-121.31225
1314,3rd @ Reed Market,44.03856,-121.30414
1316,3rd @ Reed,44.03254,-121.30867
1675,Portland/Olney @ Wall,44.06415,-121.30891
1673,3rd (US20) @ Division,44.07787,-121.30442
1682,Wall @ Oregon,44.05966,-121.31338
1678,Greenwood @ Bond,44.05995,-121.31125
1680,Wall @ Franklin,44.05808,-121.31515
1309,3rd (US20) @ Olney,44.06497,-121.30251
642,6th @ Evergreen,44.27257,-121.17427
574,Yew Avenue SB Ramp,44.24298,-121.19396
1628,Robal @ Hunnell,44.10337,-121.30215
1127,US97_NB/Division @ Revere,44.06764,-121.30589
641,Highland @ 5th,44.26963,-121.1732
624,6th @ Maple,44.291,-121.17393
1345,3rd (US20) @ River Mall,44.08377,-121.30572
1245,3rd (US20) @ Revere,44.06764,-121.30252
988,Crater Lake Pkwy @ Main,42.22838,-121.76607
1213,2nd @ Laughlin,45.60016,-121.17951
1706,OR66 @ OR140,42.19146,-121.80232
1070,S_6th @ Homedale,42.20652,-121.7227
1156,Altamont @ Laverne,42.19204,-121.74744
1217,3rd @ Washington,45.60069,-121.18256
949,US97 @ I-84 EB,45.67117,-120.83439
629,Crater Lake Pkwy @ Washburn,42.22503,-121.75726
1236,6th St (OR39) @ Malin Jct (OR140),42.19591,-121.69833
1235,Washburn @ OR140 EB,42.17376,-121.75709
986,Crater Lake Pkwy @ Shasta,42.21387,-121.74344
1367,Campus @ Dahlia,42.24969,-121.78898
1218,3rd @ Laughlin,45.59952,-121.18013
1216,3rd @ Union,45.60176,-121.18485
1157,Summers @ Hilyard,42.19925,-121.73774
1155,Altamont @ Hilyard,42.19932,-121.74745
947,US97 @ OR487,45.66981,-120.83337
948,US97 @ I-84 WB,45.672,-120.83467
987,Crater Lake Pkwy @ Esplanade,42.23224,-121.77429
1208,2nd @ Webber,45.61045,-121.20236
1071,S_6th @ Hope,42.20652,-121.73009
1072,S_6th @ Home Depot,42.20346,-121.70865
1073,S_6th @ Patterson,42.20608,-121.7129
1074,S_6th @ Madison,42.20651,-121.7178
1075,S_6th @ Parkway,42.2065,-121.73672
1076,S_6th @ Summers,42.2065,-121.73781
1078,S_6th @ Altamont,42.2066,-121.74736
1154,Altamont @ Crosby,42.2054,-121.7474
1215,2nd @ Union,45.60238,-121.18422
1207,6th @ Webber,45.60893,-121.20361
1209,6th @ Cherry Heights,45.60578,-121.19193
1214,2nd @ Washington,45.60134,-121.18198
1237,Crater Lake Pkwy @ Campus,42.2483,-121.79128
1640,US97 @ 1st,43.67462,-121.50023
1077,S_6th @ Crest,42.20651,-121.74266
756,US 26 - Main Street @ US 395 - Canyon Blvd.,44.4161,-118.95267
713,Main Street @ SW 2nd. Avenue,45.93304,-118.38813
770,Olds Ferry Hwy. @ Washington Street,44.04417,-116.97936
688,SE Court Ave @ 4th. St.,45.67381,-118.78373
405,OR207 (Elm Ave) @ 11th,45.84963,-119.31088
788,10th @ Campbell,44.78172,-117.84112
806,OR82 (Island Ave) @ Portland St,45.32916,-118.07863
706,Southgate (395) @ SW 30th. Street,45.65627,-118.81033
720,US 395 @ E. Highland Avenue,45.83502,-119.28721
763,E. Idaho @ E.B. Ramp I-84,44.02476,-116.95045
781,Campbell @ Cedar/Clark,44.78169,-117.82223
695,SW Dorian Avenue @ SW 1st. Street,45.67135,-118.78784
521,OR207 (11th) @ Hermiston Ave,45.84061,-119.31097
685,Mission rd @ Memory Ln,45.66978,-118.73513
734,E Elm Avenue @ NE 4th. Street,45.84955,-119.28501
717,W Elm Avenue @ N 1st. Place,45.84958,-119.29763
751,US 20 @ Succor Creek Hwy.,43.87703,-117.00049
783,Main Street @ Campbell,44.78168,-117.82967
766,Olds Ferry Hwy. @ SW 4th. Avenue,44.02482,-117.00511
732,US 395 @ Theater Lane,45.85686,-119.2901
700,SW Emigrant Avenue @ SW 13th Street,45.66687,-118.79838
749,4Th. Avenue @ Dorian Drive,44.02484,-116.99549
715,US 730 @ Brownell - SB Off-Ramp,45.91821,-119.32206
698,Emigrant Avenue @ Main Street,45.67062,-118.78622
687,SE Court Ave @ SE Court Place,45.67381,-118.77676
689,SE Court Avenue @ SE 1st. Street,45.67296,-118.78654
690,SE Court Avenue @ S Main Street,45.67267,-118.7875
733,US 395 @ Punkin Center Road,45.86465,-119.29115
693,SW Dorian Avenue @ SW 10Th. Street,45.66878,-118.79623
696,SW Dorian Avenue @ SW Main Street,45.67165,-118.78687
716,US 395 (N First Street) @ E. Elm Avenue,45.84959,-119.29013
699,SW Frazer Avenue @ S Main Street,45.66996,-118.78582
701,SW Court Avenue @ SW 20th. Street,45.66693,-118.80619
750,Hwy. 201 Olds Ferry @ 18th. Avenue,44.01039,-117.00535
703,SW Emigrant Avenue @ SW 20th. Street,45.66482,-118.80487
704,Southgate (395) @ SW Tutuilla Creek Road,45.66161,-118.80717
705,Southgate (395) @ EB Off-Ramp,45.66252,-118.80668
707,Southgate (395) @ SW Perkins Avenue,45.65276,-118.8123
708,Southgate (395) @ Saint Anthony Way/ SW 37th. Street,45.64872,-118.81628
782,OR82 (Island Ave) @ McAllister/Cove Hwy,45.34088,-118.04529
710,Westgate (30) @ Cold Springs Hwy.,45.67203,-118.81193
711,Westgate (30) @ SW Court Avenue,45.67087,-118.80958
712,North Columbia (OR 11) @ NE 5th Avenue,45.94115,-118.3876
714,Umatilla US 395 @ OR 730,45.91801,-119.30565
718,SW 11th. Street @ W. Highland Avenue,45.8352,-119.31105
719,E. Main Street @ SE 4th. Street,45.84139,-119.28509
721,US 395 @ W. Orchard Avenue / E. Hurlburt Avenue,45.83955,-119.29
722,US 395 @ SE 4th. Street,45.83334,-119.28511
726,US 395 @ E. Jennie Avenue,45.84586,-119.29017
748,4Th Avenue @ Park Blvd / 9th. Street,44.02482,-116.97571
735,US 395 @ Coe Avenue,45.78055,-119.21769
736,W. Hermistion Avenue - W. Gladys Avenue @ N. 1st. Place,45.8415,-119.29207
746,4th. Avenue @ Verde Drive,44.02483,-116.98558
747,Idaho Avenue @ East Lane,44.02474,-116.93996
752,Central Oregon Hwy. @ Highlander Blvd.,43.57482,-119.07363
753,Central Oregon Hwy. @ Egan Avenue,43.58587,-119.05959
754,Monroe Street @ Broadway Avenue,43.58604,-119.05444
757,SW 4th Avenue @ SW 2nd Street,44.02352,-116.96661
765,E. Idaho Avenue @ Goodfellow Lane,44.02475,-116.94345
758,SW 4th Avenue @ SW 4th Street,44.02392,-116.96906
759,W. Idaho Avenue @ W. 2nd. Street,44.02705,-116.96544
761,Idaho Avenue @ Oregon Street,44.02664,-116.96295
762,E. Idaho Avenue @ E. 4th. Street,44.02552,-116.95621
764,E. Idaho Avenue @ W.B. Ramp I-84,44.02473,-116.94706
767,Olds Ferry Hwy. @ Verde Drive,44.03996,-116.98578
775,US30 (Adams Ave) @ Willow St,45.32011,-118.08092
776,US30 (Adams Ave) @ 2nd St,45.32976,-118.09934
778,US30 (Adams Ave) @ Depot St,45.32852,-118.09437
779,US30 (Adams Ave) @ Fir St,45.32728,-118.09241
780,US30 (Adams Ave) @ Greenwood St,45.32621,-118.0907
784,Main Street @ Broadway,44.7781,-117.83052
786,Broadway @ 2nd,44.77812,-117.83206
787,Broadway @ 4th,44.77811,-117.83435
789,Main @ Washington,44.77712,-117.82975
790,Main @ Auburn,44.77452,-117.8298
796,OR82 (Island Ave) @ Monroe/N. Pine St,45.32678,-118.08432
811,OR82 (Island Ave) @ Walton Rd,45.33808,-118.05791
819,US30 @ McAlister Rd,45.29922,-118.04506
777,US30 (Adams Ave) @ 4th St,45.32976,-118.09645
691,SW Court Avenue @ SW 1st. Street,45.67238,-118.78847
774,US30 (Adams Ave) @ Island Ave,45.32456,-118.08802
760,E. Idaho Avenue @ 2nd. Street,44.02592,-116.95869
723,US 395 @ E. Gladys Avenue / W. Hermiston Avenue,45.84143,-119.29022
810,OR82 (Island Ave) @ Riddle/Mulholland,45.33362,-118.06831
724,US 395 @ W. Locust Avenue / E. Main Street,45.84052,-119.29022
406,OR207 (11th) @ Orchard Ave,45.83876,-119.31097
692,SW Court Avenue @ SW 10Th. Street,45.6698,-118.79687
813,OR 281 at May St,45.70406,-121.52311
412,OR224 @ Springwater Rd,45.39477,-122.49732
588,US26 WB @ Alt/Shelly Ave,45.39722,-122.26194
447,US26 at 122nd,45.49701,-122.53768
448,US26 at 136th,45.49784,-122.52343
457,OR212@ OR224_(RockCreeK),45.40958,-122.50494
458,OR212@ 172nd/Anderegg Prkwy,45.41031,-122.48608
895,US26 at 148th,45.49798,-122.51047
460,OR212@ 232nd,45.41786,-122.42375
461,OR212@ 242nd,45.41786,-122.41366
462,OR212@ Richey Rd,45.42972,-122.37487
463,OR212@ 282nd Ave,45.43234,-122.37242
567,OR224 @ Eckert Lane,45.40303,-122.50067
569,OR224/OR211 @ Broadway/Beech,45.28595,-122.33525
580,US26 @ 362nd,45.40474,-122.29076
581,US26 @ Industrial Way,45.40263,-122.28475
582,US26 @ Ruben Lane,45.40025,-122.27814
583,US26 @ Ten Eyck/Wolf Dr,45.3969,-122.25533
584,US26 WB @ Meining,45.39719,-122.25969
585,US26 EB @  Meining,45.39624,-122.2596
586,US26 @ Bluff Rd,45.39742,-122.27029
587,US26 @ Welches Road,45.34804,-121.94319
589,US26 EB @ Junker/Strauss,45.39639,-122.26306
800,Button Bridge at Marina,45.71135,-121.50168
590,US26 @ Orient/Jarl,45.40925,-122.30144
815,OR281 at Brookside/Eliot Dr,45.69291,-121.52363
799,I-84 EB at Button Bridge,45.71003,-121.50176
797,I-84 EB at 2nd Street,45.71059,-121.51214
798,I-84WB at 2nd Street,45.71162,-121.51224
801,I-84 WB at Button Bridge,45.71115,-121.50173
812,OR281 at Oak Ave,45.70868,-121.52508
814,OR281 at Pacific Ave,45.69651,-121.52354
896,US26 a 112th,45.49641,-122.54793
897,US26 at 104th,45.49587,-122.55602
1132,OR211 @ Molalla Ave,45.14752,-122.57709
459,OR212@ Foster_Bi-Mart,45.41758,-122.45663
570,OR 42 @ Carnes Roberts Creek (Kellys Corner),43.14583,-123.38067
1692,US101 @ Flanigan,43.35581,-124.20612
513,Harvard @ I-5 NB Exit 124 / High School,43.21332,-123.35341
163,Diamond Lake @ Winchester,43.21354,-123.34126
1020,US 101 SB @ Johnson,43.35795,-124.21314
488,US 101 @ Moore St,42.41729,-124.41951
677,Old 99 @ Del Rio,43.28898,-123.35292
477,US 101 @ Oak St,42.05352,-124.27828
476,US 101 @ 5th St,42.05437,-124.28815
478,Stewart Pkwy @ Walmart,43.23458,-123.37229
479,Stewart Pkwy @ Renann,43.23781,-123.37018
480,Stewart Pkwy @ Mercy,43.23985,-123.36701
481,US 101 @ Center,42.05229,-124.28344
482,US 101 @ Shopping Center,42.05053,-124.26
483,Stewart Pkwy @ Edenbower,43.24016,-123.36185
484,US 101 @ N. Bank Chetco,42.05492,-124.27332
485,US 101 @ Hoffeldt,42.04845,-124.25751
486,US 101 @ Benham,42.04241,-124.25026
487,US 101 @ 6th St.,42.40986,-124.42056
1199,Virginia @ Mall,43.4066,-124.23314
510,Old Hwy 99 @ I-5 SB Exit 120,43.1647,-123.36705
511,Central Ave (OR 138) @ I-5 NB Exit 136,43.38633,-123.33706
512,Harvard @ I-5 SB Exit 124 / Bellows St,43.21386,-123.35619
514,Harvard @ Madrone,43.21277,-123.35192
515,Harvard @ Umpqua St,43.21389,-123.35915
524,US 101 @ 13th Street,43.70001,-124.10943
525,US 101 @ Winchester,43.69854,-124.11115
528,US 101 @ 19th Street,43.69613,-124.1186
529,US 101 @ 22nd Street,43.69512,-124.12305
530,US 101 @ OR 42S,43.11947,-124.39879
531,US 101 @ Fillmore Ave,43.11911,-124.409
532,US 101 @ 11th Street,43.11334,-124.41499
1200,Virginia @ McPherson,43.40661,-124.22611
571,OR 42 @ Hwy 99 / Grant Smith,43.14945,-123.37207
572,OR 99 @ Douglas Blvd OR 42 (Winston Cheetah),43.12217,-123.4129
1670,Pruner Rd @ Industrial Way rd,42.97332,-123.3401
1019,US 101 NB @ Johnson,43.35794,-124.2122
657,Diamond Lake @ Stephens,43.21344,-123.34316
658,Stephens @ Douglas,43.21144,-123.34465
659,Washington @ Stephens,43.2105,-123.34528
1202,540 16th st,43.39878,-124.23928
671,Stephens @ Oak,43.20957,-123.34595
672,Pine @ Oak,43.20993,-123.34688
673,Stephens @ Cass,43.20865,-123.34663
675,Pine @ Lane,43.20806,-123.34826
686,I-5 NB @ Old 99,43.29231,-123.35107
1201,Virginia @ Broadway,43.40659,-124.2393
1028,US 101 SB @ Central Ave,43.36864,-124.2131
1023,US 101 SB @ Elrod,43.36427,-124.21321
1021,US 101 SB @ Hall,43.36112,-124.21322
1198,540 @ Harrsion,43.4066,-124.23034
1691,US101 @ Coos River Hwy,43.35581,-124.20334
1196,101 @ 540 NB,43.4066,-124.22295
1022,US 101 NB @ Elrod,43.36428,-124.21264
1194,101 @ Florida,43.41187,-124.224
1025,US 101 SB @ Anderson,43.36722,-124.21313
1026,US 101 NB @ Anderson,43.36722,-124.21252
1029,US 101 SB @ Market St,43.36934,-124.21308
1693,US101@Edwards Rd,43.35507,-124.20164
1061,US 101 @ Koos Bay,43.37942,-124.21791
1079,4th St @ commerical,43.36864,-124.21601
1080,4th St @ Anderson,43.36721,-124.21605
1197,101 @ 540 SB,43.40663,-124.22404
1060,US 101 @ Hemlock,43.37686,-124.21509
674,Stephens @ Lane,43.20771,-123.34731
523,US 101 @ OR 38,43.70356,-124.10517
1024,US 101 SB @ Curtis,43.36583,-124.21319
509,Diamond Lake @ Rifle Range,43.21296,-123.32185
1027,US 101 SB @ Curtis,43.36793,-124.21312
438,Exit 61 NB,42.49718,-123.36236
527,OR 62 @ H,42.43895,-122.83749
104,Ashland St @ Tolman Creek,42.18536,-122.67151
140,SPUI,42.31213,-122.85012
545,OR 62 @ Linn Rd,42.47226,-122.81197
232,Pine @ Freeman,42.37817,-122.90951
233,Pine @ I-5 SB,42.37872,-122.90671
234,Pine @ I-5 NB,42.37875,-122.90192
235,Pine St @ Peninger,42.37872,-122.89994
236,Pine @ Hamrick,42.37868,-122.89294
439,Exit 61 SB,42.49634,-123.36696
995,Big X,42.34535,-122.88153
471,US199 @ Lister St,42.16743,-123.64634
472,US 199 @ River St,42.16935,-123.6461
473,US 199 @ Caves Hwy,42.16276,-123.64687
652,US 199 @ F,42.43669,-123.31027
538,US 199 @ Hubbard,42.41583,-123.38633
500,"OR66 @ I-5, Exit 14",42.18534,-122.66514
516,OR 140 @ Antelpoe Rd,42.42732,-122.85595
517,OR 62 @ Antelope Rd,42.42729,-122.84958
1002,EB Jug Handle,42.34971,-122.87412
518,Bypass,42.41591,-122.85529
522,OR62 @ OR 140,42.42322,-122.85165
526,OR 62 @ G,42.43686,-122.84032
533,OR 62 @ Nick Young Rd,42.46342,-122.81521
534,OR 140 @ Table Rock Rd,42.43489,-122.88904
535,US 199@ Hwy 99 NB,42.42549,-123.32854
536,US 199 @ 99 SB,42.42536,-123.32998
537,US 199 @ 238,42.42498,-123.33193
539,US 199 @ Dowell,42.41855,-123.36687
540,US 199 @ Allen Creek,42.42132,-123.35159
543,OR238 @ Union,42.42229,-123.33235
544,OR 238 @ New Hope Rd,42.40708,-123.3472
546,OR 62 @ Crystal,42.47858,-122.81194
547,OR 62 @ Shasta,42.45579,-122.8198
558,OR 99 @ Colver/Suncrest,42.24907,-122.78987
1000,OR 62 @ Poplar,42.35407,-122.8703
560,OR 99 @ Rapp Rd,42.24199,-122.77797
561,OR 238 @ West Harbeck,42.41522,-123.34161
562,OR 99 @ Willow Springs/ I-5 SB,42.40308,-122.94099
768,Depot St @ I-5 NB,42.43245,-123.1698
651,US 199 @ beacon,42.43687,-123.30771
605,6th @ Park,42.42788,-123.33179
608,US 199 @ Parkdale,42.42718,-123.31983
610,US 199 @ M,42.43075,-123.31827
630,I-5 NB @ N. Phoenix,42.28208,-122.81309
631,I-5 SB @ N. Phoenix,42.28099,-122.81656
633,North Phoenix @ Grove,42.28418,-122.8129
649,US 199 @ Terry,42.43661,-123.30285
646,N Phoenix @ Luman,42.28051,-122.8182
647,99 @ Bolz,42.27868,-122.82046
650,US 199 @ Freddy's,42.43674,-123.30526
655,OR 99 @ N Phoenix Rd,42.27971,-122.82179
656,OR 66 @ I-5 SB,42.18535,-122.6673
999,EXIT 30 NB,42.35096,-122.87546
771,I-5 SB @ Depot St,42.43188,-123.17037
1001,WB Jug Handle,42.35485,-122.87552
857,6th @ Morgan,42.46227,-123.32261
998,EXIT 30 SB,42.34984,-122.87722
996,Mall,42.34691,-122.88016
1003,Garfield @Center,42.30868,-122.85248
1004,OR 99 @ Garfield,42.30718,-122.85537
1228,OR 99 @ Parkdale,42.42337,-123.31994
1747,O99@Scenic Ave,42.38939,-122.93331
542,US 199 @ Ringuette,42.42364,-123.33981
559,OR 99 @ W Valley View Rd,42.24548,-122.78414
474,US 199 @ Watkins St,42.16426,-123.64674
606,7th @ Park,42.42784,-123.33024
609,US 199 @ Agness,42.43641,-123.29795
541,US199 @ Redwood Ave,42.42201,-123.34775
1122,US20 at Springhill,,
845,Delta Hwy at Green Acres,44.09425,-123.09794
164,12th at Commercial,46.18902,-123.83016
165,14th at Commercial,46.18899,-123.82864
166,9th at Commercial,46.18908,-123.83372
167,11th at Commercial,46.18904,-123.83175
168,9th at Marine,46.18975,-123.83369
169,11th at Duane,46.18836,-123.83178
170,14th at Marine,46.18964,-123.82869
1163,US30 at Columbia Ave,45.75769,-122.8781
171,11th at Marine,46.18972,-123.83172
1238,US101 at Latimer,45.48175,-123.84494
1138,US101-US30 at Megler-Basin,46.18765,-123.85274
1688,I5 SB Ramp at Cloverdale,43.91806,-123.01451
1117,Beltline WB Ramp at OR99W,44.09604,-123.16537
985,Beltline EB Off Ramp at Delta,44.09112,-123.09936
1168,US30 at St Helens,45.86033,-122.82001
565,US101 at Ensign,46.14726,-123.91752
566,OR99 at Airport Rd,44.11344,-123.18176
579,OR126 at Territorial Hwy,44.05431,-123.35205
1166,US30 at Columbia Blvd,45.85896,-122.82121
1353,I5 NB Ramp at Row River Rd,43.80395,-123.04159
612,OR99 at 1st,44.21499,-123.20445
615,OR99 at 6th,44.21915,-123.20467
616,OR99 at 10th,44.22256,-123.20484
1219,US101 at Broadway,45.99309,-123.92061
1268,US101 at 35th,43.99694,-124.10144
1220,US101 at 12th,46.0015,-123.91716
1203,US101 at Harbor,46.16258,-123.89646
1169,US30 at E St,45.89313,-122.81197
1352,OR99 at Woodson Pl,43.8033,-123.0587
1167,US30 at Deer Island,45.87055,-122.81527
1267,US101 at 21st,43.98504,-124.10129
1118,Beltline EB Ramp at OR99W,44.09752,-123.16682
828,OR99 at 18th,44.22979,-123.20469
842,US101 at OR126 (9th St),43.97461,-124.10312
843,US101 at Rhododendron,43.97099,-124.10579
846,Beltline WB Off Ramp at Delta Hwy,44.09284,-123.09861
1689,OR47 at Sunset-Beal,45.53534,-123.10621
858,US101 at Wilson River Loop Rd,45.47332,-123.84424
907,I5 NB Ramp at Van Duyn,44.1371,-123.05061
908,I5 SB Off Ramp at OR569 (Beltline),44.08424,-123.04884
1223,US101 at Pacific Way,46.0242,-123.91167
1164,US30 at Gable,45.84868,-122.83158
1221,US101 at U Ave,45.97918,-123.92671
1243,US101-Pacific at 3rd,45.45632,-123.84319
1258,OR99W at OR36-Mappleton,44.19303,-123.2027
1161,US30 at Maple,45.75444,-122.87778
1244,US101-Pacific at 4th St,45.45557,-123.84314
1158,US30 at Havlik,45.74138,-122.87661
1137,US101 at Portway,46.18635,-123.85557
1139,US30 at Columbia-Bond,46.19001,-123.84763
1140,US30 at 30th,46.19048,-123.8107
1160,US30 at Em Watts,45.7522,-122.87759
1165,US30 at Sykes,45.85088,-122.82939
1240,US101-Main at 3rd St,45.45632,-123.84393
1171,US30 at Nehalem,46.10412,-123.20391
1172,US30 at 1st St,46.08913,-122.93593
1173,US30 at Rockcrest,46.09494,-122.96347
1204,US101 at Neptune,46.16002,-123.9009
1205,US101 at Marlin,46.1579,-123.90461
1690,OR47 at Oak St,45.61062,-123.11443
1239,US101-Main at 1st,45.45778,-123.84394
1348,US30 at Millard,45.83896,-122.8375
1627,US30 at CrownZ,45.76322,-122.87861
1141,US30 at 33rd,46.192,-123.80737
1241,US101-Main at 4th,45.45557,-123.84392
1259,OR99W at Milliron,44.17133,-123.20159
1159,US30 at Walnut - High School,45.74985,-122.87736
1242,US101-Pacific at 1st,45.45763,-123.84319
856,OR99W at Keck,45.19696,-123.20737
57,OR214 at Evergreen,45.15098,-122.8757
58,OR214 at Oregon Way - Country Club,45.15094,-122.87331
64,OR219 at Woodland Avenue,45.15103,-122.88635
65,OR214 at I5 SB Ramp,45.1511,-122.88207
66,OR214 at I5 NB Ramp,45.15105,-122.87937
148,3rd at Baker,45.21001,-123.19796
149,2nd at Baker,45.2093,-123.19796
150,2nd at Adams,45.2093,-123.19912
151,OR99W at OR18,45.26997,-123.01807
1274,OR22 EB at Cascade Hwy,44.81633,-122.79424
1088,OR99E at Brooklake Rd,45.0469,-122.9552
225,12th at Adams,45.21655,-123.19895
963,Springbrook at 2nd-Fernwood,45.29896,-122.94697
240,OR22 at 25th,44.9228,-123.0107
241,OR22 at 22nd,44.92566,-123.01765
243,OR22 at Airport,44.92014,-123.00383
244,OR22 at Hawthorne,44.91828,-122.99757
245,OR22 at I5 SB Ramp,44.91633,-122.9912
246,OR22 at I5 NB Ramp,44.9148,-122.98619
408,OR99W at Main St,44.8485,-123.2293
414,3rd at Johnson,45.21003,-123.18864
602,OR99W at McDaniel,45.22671,-123.18162
441,5th at Lafayette,45.21142,-123.18864
1081,OR99E at Douglas Ave,45.10328,-122.89135
1181,Ellendale at LaCreole,44.93088,-123.29966
970,1st at Meridian,45.30029,-122.9706
1085,OR551 at Ehlen Rd,45.23069,-122.7745
951,OR214 at 5th-Meridian,45.15042,-122.85435
968,OR99W at Brutscher,45.30793,-122.94205
568,OR99W at Hoffman Rd,44.86456,-123.22917
1183,Main at Ellendale,44.92942,-123.31192
983,OR551 at Arndt Rd,45.25956,-122.76941
851,OR18 at Booth Bend,45.19262,-123.21314
966,OR99W at Springbrook,45.30642,-122.94693
599,OR99W at 19th,45.22195,-123.19625
600,OR99W at Baker Creek-Evans,45.2232,-123.19458
601,OR99W at McDonald,45.22533,-123.18741
603,OR99W at 27th,45.22827,-123.17485
604,OR99W at Lafayette,45.22926,-123.17069
617,OR51 at 16th St,44.85125,-123.21172
1270,C St at 1st St,45.00965,-122.78441
1086,OR99E at Grim Rd,45.20051,-122.78269
852,OR99W at Old Sheridan Rd,45.19432,-123.21053
969,OR99W at Elliott,45.30412,-122.9544
1184,Main at Washington,44.91944,-123.31673
950,OR214 at BoonesFerry-Settlemeier,45.14945,-122.85963
967,OR219 at Springbrook,45.29354,-122.94956
822,OR99E at Mt Hood,45.15129,-122.83122
825,OR99E at Hardcastle,45.14529,-122.83651
826,OR99E at Lincoln,45.14263,-122.83891
984,OR99W at 5th St,45.27957,-123.0095
853,OR99W at Linfield,45.20048,-123.20416
854,OR99W at Fellows,45.20235,-123.20198
855,OR99W at Booth Bend,45.1929,-123.21002
875,5th at Adams,45.21145,-123.19912
1087,OR99E at D St,45.18127,-122.80483
964,Springbrook at Hayes,45.30338,-122.94697
965,OR99W at Providence,45.31003,-122.93549
971,1st at College,45.30029,-122.97282
972,1st at Howard,45.30031,-122.97513
973,1st at Main,45.30032,-122.97918
975,Hancock at Howard,45.30115,-122.97512
976,Hancock at College,45.30113,-122.97282
1262,OR164 at Main,44.71553,-123.0117
978,OR99W at Villa,45.30147,-122.96253
979,Hancock at Meridian,45.30112,-122.97059
1042,OR219 at OR18,45.29019,-122.94759
1082,OR99E at Ehlen Rd-Liberty St,45.23231,-122.75454
1276,OR99W at Rickreall Rd,44.9292,-123.22847
1180,Main at Walnut,44.92603,-123.31495
1182,Washington at Levens,44.91945,-123.3201
1622,Ehlen Rd at Bents Rd,45.23483,-122.80808
1271,C St at Water St,45.00919,-122.78657
1277,OR51 at Gun Club Rd,44.8512,-123.20608
1009,OR18 at Cumulus Ave,45.2009,-123.15232
977,OR99W at River,45.30028,-122.96858
974,Hancock at Main,45.30116,-122.97916
874,5th at Baker,45.21143,-123.19796
224,12th at Baker,45.2165,-123.19796
242,OR22 at 17th,44.92907,-123.02328
1041,OR219 at Mountainview Dr,45.31741,-122.97338
827,OR99E at Young,45.13702,-122.84391
824,OR214 at Bimart/Wellspring access,45.15141,-122.83586
1010,OR18 at Norton Ln,45.20092,-123.16659
2,US101 @ N 22nd St,44.98149,-124.00773
3,US101 @ N 17th St,44.97731,-124.01158
4,US101 @ N 14th St,44.97519,-124.01276
6,US101 @ S 1st St,44.96706,-124.01688
7,US101 @ Ro-Mar Dev,44.96168,-124.01545
8,US101 @ E Devils Lake Rd,44.95895,-124.01368
54,OR34 Bypass,44.5647,-123.25215
55,OR34 at Peoria,44.56395,-123.23453
85,OR34 at Seven Mile,44.55563,-123.04907
1145,Pacific at Oak,44.6329,-123.08881
888,US101 at SE 32nd,44.94322,-124.02072
1231,OR99W at Alexander,44.54521,-123.26588
1063,US20 at Wheeler,44.54598,-122.90711
820,US20 at I-5 NB Ramp/Spicer,44.62993,-123.06015
502,OR34 at I-5 SB Ramp,44.55579,-123.06353
1120,OR99E at Queen,44.62392,-123.10931
440,Ellsworth at 6th,44.63335,-123.10532
1731,OR99E at Ellingson,44.58924,-123.10982
1038,US101 at Hemlock,44.42699,-124.06721
1281,3rd at Van Buren,44.56629,-123.26015
1095,US20 at Airport,44.52683,-122.90706
1013,Lyon at 2nd,44.63663,-123.10476
1056,US20 at 15th,44.39824,-122.72674
493,Main at Ash,44.54,-122.90706
494,Main at Grant,44.53843,-122.90705
495,Main at Oak,44.53646,-122.90704
496,Park at Grant,44.53842,-122.90555
497,Park at Oak,44.53644,-122.90553
498,2nd at Oak,44.53657,-122.90853
499,Grant at Williams,44.53845,-122.90258
501,OR34 at I-5 NB Ramp,44.55577,-123.0601
503,OR34 at 15th,44.55693,-123.27408
504,OR34 at 26th,44.55517,-123.27964
505,OR34 at 35th,44.55454,-123.28959
507,OR34 at 53rd,44.55084,-123.31202
870,US20 at Goldfish Farm,44.62935,-123.0482
1288,3rd at Western,44.55944,-123.26341
1283,4th at Harrison,44.55756,-123.26573
885,US101 at Salishan,44.88724,-124.02698
1134,OR99W at Crystal Lake/Avery,44.55194,-123.26961
868,OR99E at Albany-Airport,44.64165,-123.06634
1017,Ellsworth at 9th,44.63097,-123.10485
834,US101 at 6th,44.64038,-124.05308
575,US20 at North Albany,44.64204,-123.11304
1149,OR99E at 34th,44.61,-123.11368
832,US101 at 20th,44.65152,-124.053
866,US20 at Clay,44.6328,-123.07727
1285,2nd at Harrison,44.56612,-123.25882
1036,US101 at 52nd,44.67531,-124.06036
865,US20 at Waverly,44.6321,-123.07322
833,US101 at 11th,44.64468,-124.05304
1286,3rd at Adams,44.56882,-123.31326
869,OR99E at Waverly,44.6321,-123.07322
1018,Lyon at 9th,44.63115,-123.10356
1284,3rd at Harrison,44.55751,-123.2599
1035,US101 at Bay,44.81035,-124.06201
835,US101 at US20(Olive St),44.63649,-124.05311
821,US20 at I-5 SB Ramp/Airport,44.6303,-123.06393
1150,OR99E at 53rd,44.59682,-123.11326
867,OR99E at Killdeer,44.6394,-123.06934
830,US101 at 25th,44.65451,-124.053
836,US101 at Hurbert,44.63319,-124.05668
1016,Ellsworth at 2nd,44.63649,-123.10601
884,OR99W at Lewisburg,44.62899,-123.24142
1291,4th at Madison,44.56473,-123.26198
886,US101 at 51st,44.92799,-124.01427
887,US101 at 48th,44.92962,-124.01695
889,US101 at Logan,44.99568,-124.00502
890,US101 at West Devils Lake,44.99769,-123.99671
1057,US20 at 12th,44.54501,-122.92356
1289,4th at Jefferson,44.56473,-123.26198
1232,OR99E at Territorial,44.27385,-123.17095
1730,OR99E at Beta,44.57758,-123.10994
1089,OR99E at Old Hwy 34,44.5591,-123.11006
1123,US20 at Conifer,44.59745,-123.22414
1287,4th at Western,44.5597,-123.2645
1055,US20 at 18th,44.39889,-122.72303
1121,OR99E at 29th,44.61478,-123.11378
1096,US20 at Milton,44.5321,-122.90705
1130,OR99E at US20,44.63413,-123.08182
1094,US20 at Dewey/Walker,44.52206,-122.90597
1011,Ellsworth at 1st,44.63728,-123.10618
1008,US101 at 35th,44.61289,-124.05029
1012,Lyon at 3rd,44.63584,-123.10456
1014,Lyon at 1st,44.63742,-123.10492
1015,Ellsworth at 3rd,44.6357,-123.10584
1294,3rd at Monroe,44.56457,-123.26085
1037,US20 at Moore/Harney,44.63627,-124.04269
1054,US20 at Holley,46.18769,-123.85276
1143,Pacific at Geary,44.63414,-123.08351
1144,9th at Oak,44.6329,-123.08881
1090,OR99E at Hwy 34 EB Ramp,44.55452,-123.1101
1091,OR99E at Hwy 34 WB Ramp,44.55729,-123.11008
1093,US20 at Market,44.51884,-122.90087
1293,4th at Monroe,44.56473,-123.26197
1128,OR99E at Burkhart,44.63529,-123.08016
1129,US20 at Burkhart,44.63344,-123.07993
1193,OR99W at Conifer,44.59682,-123.24953
1146,Pacific at Hill,44.63319,-123.09232
1147,9th at Hill,44.63243,-123.09215
1148,OR99E at Allen,44.58458,-123.10988
1191,OR99W at Circle,44.58884,-123.25332
1290,3rd at Jefferson,44.56438,-123.26091
1282,2nd at Van Buren,44.56619,-123.25883
1295,4th at Van Buren,44.55758,-123.26564
1292,3rd at Madison,44.5644,-123.26091
1192,OR99W at Walnut,44.59363,-123.25114
1713,OR99E at 12th,44.62839,-123.10564
1124,US20 at Circle,44.58837,-123.23154
5,US101 @ N 6th St,44.97089,-124.01456
1142,9th at Geary,44.63341,-123.08348
506,OR34 at Tech Loop,44.55248,-123.30685
492,Main at Sherman,44.53914,-122.90705
